{
  "project_info": {
    "project_number": "1057826150387",
    "project_id": "projetoacoqueer",
    "storage_bucket": "projetoacoqueer.appspot.com"
  },
  "client": [
    {
      "client_info": {
        "mobilesdk_app_id": "1:1057826150387:android:bbf1b889b8639ed9176486",
        "android_client_info": {
          "package_name": "com.example.acooquer"
        }
      },
      "oauth_client": [
        {
          "client_id": "1057826150387-1d4tc3qfgk0e5g76jn71l6mcjh6nk17u.apps.googleusercontent.com",
          "client_type": 3
        }
      ],
      "api_key": [
        {
          "current_key": "AIzaSyB3PVD7-lbzaiNYQG7F1hGtr7YSUhkWe58"
        }
      ],
      "services": {
        "appinvite_service": {
          "other_platform_oauth_client": [
            {
              "client_id": "1057826150387-1d4tc3qfgk0e5g76jn71l6mcjh6nk17u.apps.googleusercontent.com",
              "client_type": 3
            }
          ]
        }
      }
    }
  ],
  "configuration_version": "1"
}